Goal	Session
Semantic Divergence	https://chat.openai.com/share/ff91edcd-ef27-472a-a0c1-caa85e79a46a
	https://chat.openai.com/share/bf3efee7-44fd-477a-b2b1-1f1bf7def598
	https://chat.openai.com/share/9fba8261-abf7-44f2-8332-41e2adeb8ebd
	https://chat.openai.com/share/232ea28f-28dd-4919-b582-3fc340809ace
	https://chat.openai.com/share/db1cb350-5400-4cbb-a98d-ba5c2ad8ad86
	https://chat.openai.com/share/f7e699ca-a114-4352-af65-de7d5aff6857
	https://chat.openai.com/share/7d6bc366-8577-4cda-b0fb-051c831195be
	https://chat.openai.com/share/df77d0f3-4d63-467b-b4c9-ef362025eb86
	https://chat.openai.com/share/f36eee12-278c-4a9c-8e46-f53f75368dda
	https://chat.openai.com/share/ed895309-f722-4751-84b7-2a6186e0e300
	https://chat.openai.com/share/601ec884-d69a-4c0c-9501-10214c3432e3
	https://chat.openai.com/share/2147da74-ae7d-4b9e-b9de-3a29f58ef467
	https://chat.openai.com/share/7f5e01d3-516d-4630-9e75-d617820cb9fb
	https://chat.openai.com/share/82cded4c-610c-445d-8d52-4f59c73e5f90
	https://chat.openai.com/share/d7626259-8d5b-444b-96a6-3f12d3e8202b
	https://chat.openai.com/share/8761284c-26b9-4efe-b2f3-106282bcb78b
	https://chat.openai.com/share/b10d35ec-f992-4730-b399-d577f8b9f81e
	https://chat.openai.com/share/8dff0031-5d61-484d-baab-7f3dcd9d4e7c
Syntactic Divergence	https://chat.openai.com/share/087fdfac-34ef-40f6-b394-3863ced1393a
	https://chat.openai.com/share/de2c55d0-5814-4dec-a4df-fa74fbd0fdd5
	https://chat.openai.com/share/de91e3f0-daf4-4a38-b04e-71caa941842a
	https://chat.openai.com/share/cdc4c744-c57c-4db1-9f67-beed4325717a
	https://chat.openai.com/share/41bcdf8a-9a11-4817-b92f-c493e03c551f
	https://chat.openai.com/share/c89865b7-7213-4d6e-8086-28fd5eee72ba
	https://chat.openai.com/share/c42f33f3-929f-42d9-afbb-a6bbd65af74f
	https://chat.openai.com/share/97e7a107-bc77-4c9b-b175-91200b4f59bf